method,p,m,const_ms,var_ms,ratio,r2_const,r2_var
grid,0.001,2000,23.021665983833373,28.219792002346367,1.2257927824234485,0.9956338818296168,0.9956338818293579
finemap,0.001,2000,44.903542031534016,54.60533301811665,1.2160584788560653,0.9984059934281022,0.9984059934247712
grid,0.01,2000,26.034167036414146,31.110999989323318,1.1950065445077684,0.995443561481577,0.9954435592001317
finemap,0.01,2000,53.13362495508045,62.39054200705141,1.174219565478486,0.9949224231956275,0.9949224209367808
grid,0.1,2000,54.07000001287088,59.65925002237782,1.1033706308151743,0.97125918398389,0.9712591824292316
finemap,0.1,2000,126.53125001816079,136.852124996949,1.0815677943378166,0.9715958096179121,0.9715958081789124
