method,p,m,const_ms,var_ms,ratio,r2_const,r2_var
grid,0.001,2000,88.59606599980907,113.4850339994955,1.2809263336787444,0.9956341279519224,0.9956341279510279
finemap,0.001,2000,177.92611299955752,219.61292200012394,1.2342928100760011,0.9976331601173973,0.997633160116722
grid,0.01,2000,93.69531199990888,117.84413299938024,1.257737772403115,0.9959400689774068,0.9959400666404501
finemap,0.01,2000,193.30972700026905,236.11903799974243,1.2214545106641934,0.9952616703759066,0.9952616686581399
grid,0.1,2000,149.71602399964468,175.09767899991857,1.1695319867720648,0.970758074431363,0.9707580730872314
finemap,0.1,2000,389.21957399998064,428.25444099980814,1.1002900922958962,0.9710803504044343,0.9710803492459443
